<?xml version="1.0"?>
<!DOCTYPE directiveindex SYSTEM "../style/modulesynopsis.dtd"
  [ <!ENTITY allmodules SYSTEM "allmodules.xml"> ]
>
<?xml-stylesheet type="text/xsl" href="../style/manual.en.xsl"?>

<directiveindex metafile="directives.xml.meta">
  <title>Directive Index</title>
  <summary>
    <p>
      Each Apache directive available in the standard Apache
      distribution is listed here. They are described using a
      consistent format, and there is <a href="directive-dict.html"
      rel="Glossary">a dictionary</a> of the terms used in their
      descriptions available.
    </p>

    <p>
      A <a href="quickreference.html">Directive Quick-Reference</a>
      is also available giving details about each directive in a
      summary form.
    </p>
  </summary>

  &allmodules;
</directiveindex>
