<?xml version="1.0"?>
<!DOCTYPE quickreference SYSTEM "../style/modulesynopsis.dtd"
  [ <!ENTITY allmodules SYSTEM "allmodules.xml"> ]
>
<?xml-stylesheet type="text/xsl" href="../style/manual.en.xsl"?>

<quickreference metafile="quickreference.xml.meta">
  <title>Directive Quick Reference</title>
  <summary>
    <p>The directive quick reference shows the usage, default, status,
    and context of each Apache configuration directive.  For more
    information about each of these, see the <a
    href="directive-dict.html">Directive Dictionary</a>.</p>

    <p>The first column gives the directive name and usage.  The second
    columns shows the default value of the directive, if a default exists.
    If the default is too large to display, the first characters will be
    followed by "+".</p>

    <p>The third and fourth columns list the contexts where the directive
    is allowed and the status of the directive according to the legend
    tables below.</p>
  </summary>

  <legend>
    <table>
      <tr><th>s</th><td>server&#160;config</td></tr>
      <tr><th>v</th><td>virtual&#160;host</td></tr>
      <tr><th>d</th><td>directory</td></tr>
      <tr><th>h</th><td>.htaccess</td></tr>
    </table>

    <table>
      <tr><th>C</th><td>Core</td></tr>
      <tr><th>M</th><td>MPM</td></tr>
      <tr><th>B</th><td>Base</td></tr>
      <tr><th>E</th><td>Extension</td></tr>
      <tr><th>X</th><td>Experimental</td></tr>
    </table>
  </legend>

  &allmodules;
</quickreference>
