<?xml version='1.0' encoding='UTF-8' ?>
<!DOCTYPE manualpage SYSTEM "../style/manualpage.dtd">
<?xml-stylesheet type="text/xsl" href="../style/manual.en.xsl"?>
<manualpage>
<relativepath href=".."/>
<parentdocument href="../"/>

  <title>Apache SSL/TLS Encryption</title>

<summary>
<p>The Apache HTTP Server module <module>mod_ssl</module>
provides an interface to the <a
href="http://www.openssl.org/">OpenSSL</a> library, which provides
Strong Encryption using the Secure Sockets Layer and Transport Layer
Security protocols.  The module and this documentation are based on
Ralf S. Engelschall's mod_ssl project.</p>
</summary>

<section id="documentation"><title>Documentation</title>
<ul>
<li><a href="ssl_intro.html">Introduction</a></li>
<li><a href="ssl_compat.html">Compatibility</a></li>
<li><a href="ssl_howto.html">How-To</a></li>
<li><a href="ssl_faq.html">Frequently Asked Questions</a></li>
<li><a href="../glossary.html">Glossary</a></li>
</ul>
</section>

<section id="mod-ssl"><title>mod_ssl</title>
<p>Extensive documentation on the directives and environment variables
provided by this module is provided in the <a
href="../mod/mod_ssl.html">mod_ssl reference documentation</a>.
</p>
</section>

</manualpage>


