<?xml version="1.0"?>
<!DOCTYPE moduleindex SYSTEM "../style/modulesynopsis.dtd"
  [ <!ENTITY sitemap SYSTEM "../sitemap.xml"> ]
>
<?xml-stylesheet type="text/xsl" href="../style/manual.en.xsl"?>

<moduleindex>
  <title>Module Index</title>
  <summary>
    <p>
      Below is a list of all of the modules that come as part of
      the Apache distribution.  See also the complete
      alphabetical list of <a href="directives.html">all Apache
      directives</a>.
    </p>
  </summary>
  <seealso><a href="../mpm.html">Multi-Processing Modules (MPMs)</a>
  </seealso>
  <seealso><a href="quickreference.html">Directive Quick Reference</a>
  </seealso>

  &sitemap;
</moduleindex>