<?xml version="1.0" encoding="UTF-8" ?>
<!DOCTYPE manualpage SYSTEM "../style/manualpage.dtd">
<?xml-stylesheet type="text/xsl" href="../style/manual.en.xsl"?>

<manualpage metafile="index.xml.meta">
<parentdocument href="../" />

<title>Developer Documentation for Apache 2.0</title>

<summary>
    <p>Many of the documents on these Developer pages are lifted
    from Apache 1.3's documentation. While they are all being
    updated to Apache 2.0, they are in different stages of
    progress. Please be patient, and point out any discrepancies or
    errors on the developer/ pages directly to the
    <a href="http://httpd.apache.org/lists.html#http-dev"
    >dev@httpd.apache.org</a> mailing list.</p>
</summary>

<section id="topics"><title>Topics</title>
    <ul>
      <li><a href="API.html">Apache 1.3 API Notes</a></li>
      <li><a href="hooks.html">Apache 2.0 Hook Functions</a></li>
      <li><a href="request.html">Request Processing in Apache 2.0</a></li>
      <li><a href="filters.html">How filters work in Apache 2.0</a></li>
      <li><a href="modules.html">Converting Modules from Apache 1.3 to Apache 2.0</a></li>
      <li><a href="debugging.html">Debugging Memory Allocation in APR</a></li>
      <li><a href="documenting.html">Documenting Apache 2.0</a></li>
      <li><a href="thread_safety.html">Apache 2.0 Thread Safety Issues</a></li>
    </ul>
</section>

<section id="external"><title>External Resources</title>
    <ul>
      <li>Tools provided by Ian Holsman:
      <ul>
        <li><a href="http://lxr.webperf.org/">Apache 2 cross reference</a></li>
        <li><a href="http://docx.webperf.org/"
        >Autogenerated Apache 2 code documentation</a></li>
      </ul></li>

      <li>Module Development Tutorials by Kevin O'Donnell
      <ul>
        <li><a
        href="http://threebit.net/tutorials/apache2_modules/tut1/tutorial1.html"
        >Integrating a module into the Apache build system</a></li>

        <li><a
        href="http://threebit.net/tutorials/apache2_modules/tut2/tutorial2.html"
        >Handling configuration directives</a></li>
      </ul></li>

      <li><a href="http://www.onlamp.com/pub/ct/38">Some notes on 
      Apache module development by Ryan Bloom</a></li>
    </ul>
</section>
</manualpage>

