<?xml version="1.0" encoding="UTF-8" ?>
<!DOCTYPE manualpage SYSTEM "./style/manualpage.dtd">
<?xml-stylesheet type="text/xsl" href="./style/manual.en.xsl"?>

<manualpage metafile="license.xml.meta">

<title>The Apache Software License, Version 1.1</title>

<summary>
  <p>Copyright (c) 2000-2003 The Apache Software Foundation.  All rights
  reserved.</p>

  <p>Redistribution and use in source and binary forms, with or without
  modification, are permitted provided that the following conditions
  are met:</p>

  <ol>
  <li>Redistributions of source code must retain the above copyright
  notice, this list of conditions and the following disclaimer.</li>

  <li>Redistributions in binary form must reproduce the above copyright
  notice, this list of conditions and the following disclaimer in
  the documentation and/or other materials provided with the
  distribution.</li>

  <li>The end-user documentation included with the redistribution,
  if any, must include the following acknowledgment:
  <example>
    "This product includes software developed by the
    Apache Software Foundation (http://www.apache.org/)."
  </example>

  <p>Alternately, this acknowledgment may appear in the software itself,
  if and wherever such third-party acknowledgments normally appear.</p></li>

  <li>The names "Apache" and "Apache Software Foundation" must
  not be used to endorse or promote products derived from this
  software without prior written permission. For written
  permission, please contact apache@apache.org.</li>

  <li>Products derived from this software may not be called "Apache",
  nor may "Apache" appear in their name, without prior written
  permission of the Apache Software Foundation.</li>
  </ol>

  <note>THIS SOFTWARE IS PROVIDED ``AS IS'' AND ANY EXPRESSED OR IMPLIED
  WARRANTIES, INCLUDING, BUT NOT LIMITED TO, THE IMPLIED WARRANTIES
  OF MERCHANTABILITY AND FITNESS FOR A PARTICULAR PURPOSE ARE
  DISCLAIMED.  IN NO EVENT SHALL THE APACHE SOFTWARE FOUNDATION OR
  ITS CONTRIBUTORS BE LIABLE FOR ANY DIRECT, INDIRECT, INCIDENTAL,
  SPECIAL, EXEMPLARY, OR CONSEQUENTIAL DAMAGES (INCLUDING, BUT NOT
  LIMITED TO, PROCUREMENT OF SUBSTITUTE GOODS OR SERVICES; LOSS OF
  USE, DATA, OR PROFITS; OR BUSINESS INTERRUPTION) HOWEVER CAUSED AND
  ON ANY THEORY OF LIABILITY, WHETHER IN CONTRACT, STRICT LIABILITY,
  OR TORT (INCLUDING NEGLIGENCE OR OTHERWISE) ARISING IN ANY WAY OUT
  OF THE USE OF THIS SOFTWARE, EVEN IF ADVISED OF THE POSSIBILITY OF
  SUCH DAMAGE.</note>

  <p>This software consists of voluntary contributions made by many
  individuals on behalf of the Apache Software Foundation.  For more
  information on the Apache Software Foundation, please see
  &lt;<a href="http://www.apache.org/">http://www.apache.org/</a>&gt;.</p>

  <p>Portions of this software are based upon public domain software
  originally written at the National Center for Supercomputing Applications,
  University of Illinois, Urbana-Champaign.</p>
</summary>
</manualpage>

